DE: Non Ferrous Metals / final energy consumption,2000,2001,2002,2003,2004,2005,2006,2007,2008,2009,2010,2011,2012,2013,2014,2015
,,,,,,,,,,,,,,,,
Detailed split of energy consumption by subsector (ktoe),,,,,,,,,,,,,,,,
,,,,,,,,,,,,,,,,
Alumina production,230.8,251.4,247.0,273.7,344.8,377.8,379.5,375.3,388.7,316.5,416.3,365.0,352.8,340.7,364.3,426.4
Lighting,0.4,0.4,0.4,0.4,0.5,0.6,0.6,0.6,0.6,0.5,0.6,0.6,0.5,0.5,0.6,0.6
Air compressors,0.2,0.2,0.2,0.2,0.3,0.3,0.3,0.3,0.3,0.2,0.3,0.3,0.3,0.3,0.3,0.3
Motor drives,4.4,4.8,4.7,5.3,6.6,7.3,7.3,7.2,7.5,6.1,8.0,7.0,6.8,6.5,7.0,8.2
Fans and pumps,0.1,0.1,0.1,0.1,0.2,0.2,0.2,0.2,0.2,0.2,0.2,0.2,0.2,0.2,0.2,0.2
Low enthalpy heat,0.2,0.3,0.2,0.3,0.3,0.4,0.4,0.4,0.4,0.3,0.4,0.4,0.4,0.3,0.4,0.4
Diesel oil (incl. biofuels),0.0,0.1,0.0,0.1,0.1,0.1,0.1,0.1,0.1,0.1,0.1,0.1,0.1,0.1,0.1,0.1
Natural gas (incl. biogas),0.1,0.1,0.1,0.1,0.1,0.1,0.1,0.1,0.1,0.1,0.1,0.1,0.1,0.1,0.1,0.1
Solar and geothermal,0.0,0.0,0.0,0.0,0.0,0.0,0.0,0.0,0.0,0.0,0.0,0.0,0.0,0.0,0.0,0.0
Electricity,0.1,0.1,0.1,0.1,0.2,0.2,0.2,0.2,0.2,0.2,0.2,0.2,0.2,0.2,0.2,0.2
Alumina production: High enthalpy heat,92.3,100.5,98.8,109.5,137.9,151.1,151.7,150.1,155.5,126.6,166.5,146.0,141.1,136.3,145.7,170.5
Solids,36.0,39.4,38.5,37.8,40.9,41.6,15.0,15.9,13.7,13.2,13.9,16.0,15.9,17.4,17.4,18.0
Refinery gas,0.0,0.0,0.0,0.0,0.0,0.0,0.0,0.0,0.0,0.0,0.0,0.0,0.0,0.0,0.0,0.0
LPG,0.0,0.0,0.0,0.0,0.0,0.0,0.0,0.0,0.0,0.0,0.0,0.0,0.0,0.0,0.0,0.0
Diesel oil (incl. biofuels),3.7,3.3,2.9,1.6,1.6,2.0,5.5,5.0,3.7,2.4,3.1,3.4,2.8,4.1,2.0,1.9
Residual fuel oil,10.4,12.2,13.2,1.9,12.6,12.5,12.7,11.7,15.2,12.1,13.0,2.6,8.3,7.8,12.8,16.1
Other liquids,0.0,0.0,0.0,38.0,47.6,51.9,5.4,5.8,45.5,34.2,22.5,20.5,6.1,4.6,3.8,15.9
Natural gas (incl. biogas),39.0,42.1,41.0,22.8,24.5,35.3,104.0,103.4,67.9,51.1,74.9,91.7,97.0,90.6,99.8,100.3
Derived gases,0.7,0.6,0.6,0.0,0.0,0.0,0.0,0.0,0.0,0.0,0.0,0.0,0.0,0.0,0.0,0.0
Biomass,0.0,0.0,0.0,2.2,1.6,1.8,2.1,2.6,3.7,3.8,4.2,3.8,3.4,3.1,3.5,3.4
Steam distributed,2.6,2.7,2.7,5.2,9.0,6.0,7.1,5.7,5.8,9.8,34.8,8.0,7.6,8.6,6.4,14.9
Alumina production: Refining,133.2,145.1,142.5,158.0,199.0,218.0,219.0,216.6,224.3,182.6,240.2,210.7,203.6,196.6,210.2,246.1
LPG,0.0,0.0,0.0,0.0,0.0,0.0,0.0,0.0,0.0,0.0,0.0,0.0,0.0,0.0,0.0,0.0
Diesel oil (incl. biofuels),5.7,6.2,6.1,6.7,8.5,9.3,9.3,9.2,9.5,7.8,10.2,9.0,8.7,8.4,8.9,10.5
Residual fuel oil,0.0,0.0,0.0,0.0,0.0,0.0,0.0,0.0,0.0,0.0,0.0,0.0,0.0,0.0,0.0,0.0
Natural gas (incl. biogas),107.6,117.2,115.1,127.6,160.7,176.0,176.8,174.9,181.2,147.5,194.0,170.1,164.4,158.8,169.8,198.7
Electricity,20.0,21.8,21.4,23.7,29.8,32.7,32.8,32.5,33.7,27.4,36.0,31.6,30.5,29.5,31.5,36.9
,,,,,,,,,,,,,,,,
Aluminium - primary production,911.3,938.6,917.4,931.5,915.0,918.1,674.5,720.4,816.4,386.9,550.4,548.2,517.9,601.8,648.0,745.4
Lighting,1.0,1.0,1.0,1.0,1.0,1.0,0.7,0.8,0.9,0.4,0.6,0.6,0.6,0.7,0.7,0.8
Air compressors,0.5,0.5,0.5,0.5,0.5,0.5,0.3,0.4,0.4,0.2,0.3,0.3,0.3,0.3,0.3,0.4
Motor drives,13.8,14.2,13.9,14.1,13.8,13.9,10.2,10.9,12.3,5.8,8.3,8.3,7.8,9.1,9.8,11.3
Fans and pumps,0.3,0.3,0.3,0.3,0.3,0.3,0.2,0.3,0.3,0.1,0.2,0.2,0.2,0.2,0.2,0.3
Low enthalpy heat,0.7,0.7,0.7,0.7,0.7,0.7,0.5,0.5,0.6,0.3,0.4,0.4,0.4,0.4,0.5,0.6
Diesel oil (incl. biofuels),0.1,0.1,0.1,0.1,0.1,0.1,0.1,0.1,0.1,0.1,0.1,0.1,0.1,0.1,0.1,0.1
Natural gas (incl. biogas),0.2,0.2,0.2,0.2,0.2,0.2,0.1,0.2,0.2,0.1,0.1,0.1,0.1,0.1,0.1,0.2
Solar and geothermal,0.0,0.0,0.0,0.0,0.0,0.0,0.0,0.0,0.0,0.0,0.0,0.0,0.0,0.0,0.0,0.0
Electricity,0.3,0.3,0.3,0.3,0.3,0.3,0.2,0.3,0.3,0.1,0.2,0.2,0.2,0.2,0.2,0.3
Aluminium electrolysis (smelting),747.4,769.7,752.4,764.0,750.4,753.0,553.1,590.8,669.6,317.3,451.4,449.6,424.8,493.6,531.4,611.3
"Aluminium processing  (metallurgy e.g. cast house, reheating)",91.1,93.9,91.8,93.2,91.5,91.8,67.5,72.1,81.7,38.7,55.0,54.8,51.8,60.2,64.8,74.5
Aluminium processing - Thermal,41.2,40.8,39.7,49.1,43.7,45.5,20.1,17.2,24.3,14.7,19.4,18.1,17.0,24.9,23.9,21.2
LPG,2.0,2.1,1.9,0.8,0.7,0.7,0.4,0.5,0.3,0.2,0.2,0.2,0.1,0.1,0.1,0.1
Diesel oil (incl. biofuels),3.7,3.1,2.6,3.4,2.9,2.6,1.0,0.8,1.3,0.7,0.7,0.6,0.3,1.0,0.2,0.1
Residual fuel oil,0.0,0.0,0.0,0.0,0.0,0.0,0.0,0.0,0.0,0.0,0.0,0.0,0.0,0.0,0.0,0.0
Natural gas (incl. biogas),35.5,35.6,35.1,44.9,40.1,42.3,18.7,15.9,22.7,13.9,18.5,17.3,16.5,23.8,23.6,21.0
Aluminium processing - Electric,49.9,53.0,52.1,44.1,47.8,46.3,47.3,54.8,57.3,24.0,35.7,36.8,34.8,35.3,40.9,53.4
Aluminium finishing,56.5,58.2,56.9,57.8,56.8,57.0,41.8,44.7,50.7,24.0,34.2,34.0,32.1,37.3,40.2,46.2
Aluminium finishing - Thermal,17.6,18.0,17.6,18.3,17.7,17.9,12.5,13.1,15.1,7.3,10.3,10.2,9.7,11.5,12.2,13.7
LPG,0.4,0.5,0.4,0.2,0.2,0.1,0.1,0.1,0.1,0.0,0.0,0.0,0.0,0.0,0.0,0.0
Diesel oil (incl. biofuels),1.6,1.4,1.2,1.3,1.2,1.0,0.6,0.6,0.8,0.3,0.4,0.3,0.2,0.5,0.1,0.0
Natural gas (incl. biogas),15.5,16.1,16.0,16.9,16.4,16.7,11.7,12.4,14.2,6.9,9.9,9.9,9.4,11.0,12.1,13.6
Aluminium finishing - Steam,36.5,37.5,36.7,37.3,36.6,36.7,27.0,28.8,32.7,15.5,22.0,21.9,20.7,24.1,25.9,29.8
Solids,14.2,14.7,14.3,12.9,10.9,10.1,2.7,3.1,2.9,1.6,1.8,2.4,2.3,3.1,3.1,3.2
Refinery gas,0.0,0.0,0.0,0.0,0.0,0.0,0.0,0.0,0.0,0.0,0.0,0.0,0.0,0.0,0.0,0.0
LPG,0.0,0.0,0.0,0.0,0.0,0.0,0.0,0.0,0.0,0.0,0.0,0.0,0.0,0.0,0.0,0.0
Diesel oil (incl. biofuels),1.5,1.2,1.1,0.5,0.4,0.5,1.0,1.0,0.8,0.3,0.4,0.5,0.4,0.7,0.4,0.3
Residual fuel oil,4.1,4.6,4.9,0.7,3.4,3.0,2.3,2.2,3.2,1.5,1.7,0.4,1.2,1.4,2.3,2.8
Other liquids,0.0,0.0,0.0,12.9,12.6,12.6,1.0,1.1,9.6,4.2,3.0,3.1,0.9,0.8,0.7,2.8
Natural gas (incl. biogas),15.4,15.7,15.2,7.7,6.5,8.6,18.5,19.9,14.3,6.2,9.9,13.8,14.2,16.0,17.8,17.5
Derived gases,0.3,0.2,0.2,0.0,0.0,0.0,0.0,0.0,0.0,0.0,0.0,0.0,0.0,0.0,0.0,0.0
Biomass,0.0,0.0,0.0,0.8,0.4,0.4,0.4,0.5,0.8,0.5,0.6,0.6,0.5,0.6,0.6,0.6
Steam distributed,1.0,1.0,1.0,1.8,2.4,1.5,1.3,1.1,1.2,1.2,4.6,1.2,1.1,1.5,1.1,2.6
Aluminium finishing - Electric,2.5,2.7,2.6,2.2,2.4,2.4,2.4,2.8,2.9,1.2,1.8,1.9,1.8,1.8,2.1,2.7
,,,,,,,,,,,,,,,,
,,,,,,,,,,,,,,,,
Aluminium - secondary production,86.4,95.7,98.1,97.2,97.7,101.6,100.8,106.5,92.3,70.6,79.4,76.4,76.1,69.3,62.5,78.3
Lighting,0.2,0.2,0.2,0.2,0.2,0.2,0.2,0.2,0.2,0.1,0.1,0.1,0.1,0.1,0.1,0.1
Air compressors,0.1,0.1,0.1,0.1,0.1,0.1,0.1,0.1,0.1,0.1,0.1,0.1,0.1,0.1,0.1,0.1
Motor drives,2.0,2.2,2.2,2.2,2.2,2.3,2.3,2.4,2.1,1.6,1.8,1.7,1.7,1.6,1.4,1.8
Fans and pumps,0.1,0.1,0.1,0.1,0.1,0.1,0.1,0.1,0.1,0.0,0.0,0.0,0.0,0.0,0.0,0.0
Low enthalpy heat,0.1,0.1,0.1,0.1,0.1,0.1,0.1,0.1,0.1,0.1,0.1,0.1,0.1,0.1,0.1,0.1
Diesel oil (incl. biofuels),0.0,0.0,0.0,0.0,0.0,0.0,0.0,0.0,0.0,0.0,0.0,0.0,0.0,0.0,0.0,0.0
Natural gas (incl. biogas),0.0,0.0,0.0,0.0,0.0,0.0,0.0,0.0,0.0,0.0,0.0,0.0,0.0,0.0,0.0,0.0
Solar and geothermal,0.0,0.0,0.0,0.0,0.0,0.0,0.0,0.0,0.0,0.0,0.0,0.0,0.0,0.0,0.0,0.0
Electricity,0.1,0.1,0.1,0.1,0.1,0.1,0.1,0.1,0.1,0.0,0.0,0.0,0.0,0.0,0.0,0.0
"Secondary aluminium (incl. pre-treatment, remelting)",24.2,26.7,27.4,27.2,27.3,28.4,28.2,29.8,25.8,19.7,22.2,21.3,21.3,19.4,17.5,21.9
Secondary aluminium - Thermal,7.6,8.4,8.6,8.3,8.3,8.7,8.6,9.1,7.8,6.0,6.7,6.4,6.4,5.8,5.3,6.6
LPG,0.5,0.6,0.6,0.2,0.2,0.2,0.2,0.2,0.1,0.1,0.1,0.1,0.0,0.0,0.0,0.0
Diesel oil (incl. biofuels),0.7,0.6,0.6,0.6,0.5,0.5,0.4,0.4,0.4,0.3,0.2,0.2,0.1,0.2,0.0,0.0
Residual fuel oil,0.0,0.0,0.0,0.0,0.0,0.0,0.0,0.0,0.0,0.0,0.0,0.0,0.0,0.0,0.0,0.0
Natural gas (incl. biogas),6.4,7.2,7.5,7.5,7.6,8.0,8.0,8.5,7.3,5.6,6.4,6.2,6.2,5.6,5.2,6.5
Secondary aluminium - Electric,16.5,18.3,18.8,18.9,19.0,19.7,19.6,20.7,18.0,13.8,15.5,14.9,14.9,13.5,12.2,15.3
"Aluminium processing  (metallurgy e.g. cast house, reheating)",40.0,44.3,45.4,45.0,45.2,47.0,46.7,49.3,42.7,32.7,36.7,35.3,35.2,32.1,28.9,36.3
Aluminium processing - Thermal,18.1,19.3,19.6,23.7,21.6,23.3,13.9,11.8,12.7,12.4,12.9,11.6,11.5,13.2,10.7,10.3
LPG,0.9,1.0,1.0,0.4,0.4,0.3,0.3,0.3,0.2,0.1,0.1,0.1,0.1,0.0,0.1,0.1
Diesel oil (incl. biofuels),1.6,1.5,1.3,1.6,1.4,1.3,0.7,0.5,0.7,0.6,0.5,0.4,0.2,0.5,0.1,0.0
Residual fuel oil,0.0,0.0,0.0,0.0,0.0,0.0,0.0,0.0,0.0,0.0,0.0,0.0,0.0,0.0,0.0,0.0
Natural gas (incl. biogas),15.6,16.8,17.4,21.7,19.8,21.6,12.9,10.9,11.9,11.7,12.3,11.2,11.2,12.7,10.5,10.2
Aluminium processing - Electric,21.9,25.0,25.8,21.3,23.6,23.7,32.7,37.5,30.0,20.3,23.8,23.7,23.7,18.8,18.3,25.9
Aluminium finishing,19.9,22.1,22.6,22.4,22.5,23.4,23.2,24.5,21.3,16.3,18.3,17.6,17.5,16.0,14.4,18.1
Aluminium finishing - Thermal,7.3,8.1,8.2,8.4,8.3,8.7,8.2,8.5,7.5,5.9,6.5,6.3,6.2,5.8,5.2,6.3
LPG,0.2,0.2,0.2,0.1,0.1,0.1,0.1,0.1,0.0,0.0,0.0,0.0,0.0,0.0,0.0,0.0
Diesel oil (incl. biofuels),0.7,0.6,0.6,0.6,0.6,0.5,0.4,0.4,0.4,0.3,0.2,0.2,0.1,0.2,0.0,0.0
Natural gas (incl. biogas),6.4,7.2,7.5,7.7,7.7,8.1,7.7,8.0,7.1,5.6,6.3,6.0,6.1,5.6,5.1,6.3
Aluminium finishing - Steam,11.6,12.8,13.1,13.0,13.1,13.6,13.5,14.2,12.3,9.4,10.6,10.2,10.2,9.3,8.4,10.5
Solids,4.5,5.0,5.1,4.5,3.9,3.7,1.3,1.5,1.1,1.0,0.9,1.1,1.1,1.2,1.0,1.1
Refinery gas,0.0,0.0,0.0,0.0,0.0,0.0,0.0,0.0,0.0,0.0,0.0,0.0,0.0,0.0,0.0,0.0
LPG,0.0,0.0,0.0,0.0,0.0,0.0,0.0,0.0,0.0,0.0,0.0,0.0,0.0,0.0,0.0,0.0
Diesel oil (incl. biofuels),0.5,0.4,0.4,0.2,0.2,0.2,0.5,0.5,0.3,0.2,0.2,0.2,0.2,0.3,0.1,0.1
Residual fuel oil,1.3,1.6,1.8,0.2,1.2,1.1,1.1,1.1,1.2,0.9,0.8,0.2,0.6,0.5,0.7,1.0
Other liquids,0.0,0.0,0.0,4.5,4.5,4.7,0.5,0.5,3.6,2.6,1.4,1.4,0.4,0.3,0.2,1.0
Natural gas (incl. biogas),4.9,5.4,5.4,2.7,2.3,3.2,9.2,9.8,5.4,3.8,4.8,6.4,7.0,6.2,5.7,6.2
Derived gases,0.1,0.1,0.1,0.0,0.0,0.0,0.0,0.0,0.0,0.0,0.0,0.0,0.0,0.0,0.0,0.0
Biomass,0.0,0.0,0.0,0.3,0.2,0.2,0.2,0.2,0.3,0.3,0.3,0.3,0.2,0.2,0.2,0.2
Steam distributed,0.3,0.3,0.4,0.6,0.9,0.5,0.6,0.5,0.5,0.7,2.2,0.6,0.5,0.6,0.4,0.9
Aluminium finishing - Electric,1.1,1.2,1.2,1.0,1.1,1.1,1.6,1.8,1.4,1.0,1.1,1.1,1.1,0.9,0.9,1.2
,,,,,,,,,,,,,,,,
Other non-ferrous metals,"1,405.0","1,422.0","1,412.6","1,292.1","1,318.7","1,274.1","1,186.8","1,157.6","1,171.6","1,003.1","1,089.8","1,027.9",998.5,943.4,927.1,"1,062.3"
Lighting,1.8,1.8,1.8,1.7,1.7,1.6,1.5,1.5,1.5,1.3,1.4,1.3,1.3,1.2,1.2,1.4
Air compressors,0.9,0.9,0.9,0.8,0.9,0.8,0.8,0.7,0.8,0.6,0.7,0.7,0.6,0.6,0.6,0.7
Motor drives,23.1,23.4,23.2,21.2,21.7,21.0,19.5,19.0,19.3,16.5,17.9,16.9,16.4,15.5,15.2,17.5
Fans and pumps,0.6,0.6,0.6,0.6,0.6,0.5,0.5,0.5,0.5,0.4,0.5,0.4,0.4,0.4,0.4,0.5
Low enthalpy heat,1.2,1.2,1.2,1.1,1.1,1.1,1.0,1.0,1.0,0.9,0.9,0.9,0.9,0.8,0.8,0.9
Diesel oil (incl. biofuels),0.2,0.2,0.2,0.2,0.2,0.2,0.2,0.2,0.2,0.2,0.2,0.2,0.2,0.2,0.2,0.2
Natural gas (incl. biogas),0.4,0.4,0.4,0.3,0.3,0.3,0.3,0.3,0.3,0.3,0.3,0.3,0.3,0.2,0.2,0.3
Solar and geothermal,0.0,0.0,0.0,0.0,0.0,0.0,0.0,0.0,0.0,0.0,0.0,0.0,0.0,0.0,0.0,0.0
Electricity,0.6,0.6,0.6,0.6,0.6,0.5,0.5,0.5,0.5,0.4,0.5,0.4,0.4,0.4,0.4,0.5
Other Metals: production,788.1,797.6,792.3,724.8,739.7,714.7,665.7,649.3,657.2,562.6,611.3,576.6,560.1,529.2,520.0,595.9
Metal production - Thermal,325.7,329.8,327.0,293.5,299.4,289.0,268.8,262.5,264.3,226.5,246.0,231.7,224.8,212.0,208.7,239.0
Solids,0.0,0.0,0.0,0.0,0.0,0.0,0.0,0.0,0.0,0.0,0.0,0.0,0.0,0.0,0.0,0.0
LPG,17.5,18.0,16.8,5.9,5.9,5.3,4.2,4.6,2.4,2.5,2.4,1.8,1.2,0.6,1.2,1.2
Diesel oil (incl. biofuels),29.3,24.9,21.6,20.1,19.7,16.2,13.6,11.8,14.0,10.1,8.9,7.1,4.5,8.7,1.4,0.6
Residual fuel oil,0.0,0.0,0.0,0.0,0.0,0.0,0.0,0.0,0.0,0.0,0.0,0.0,0.0,0.0,0.0,0.0
Natural gas (incl. biogas),278.9,286.9,288.6,267.4,273.8,267.5,251.0,246.0,247.9,214.0,234.7,222.8,219.1,202.7,206.2,237.2
Metal production - Electric,462.4,467.8,465.3,431.3,440.3,425.6,396.9,386.8,392.9,336.1,365.3,344.9,335.3,317.1,311.3,356.8
"Metal processing  (metallurgy e.g. cast house, reheating)",378.8,383.4,380.8,348.4,355.5,343.5,320.0,312.1,315.9,270.4,293.8,277.1,269.2,254.3,249.9,286.4
Metal processing - Thermal,171.2,166.8,164.6,183.4,169.9,170.2,95.5,74.6,94.1,102.7,103.4,91.3,88.2,105.0,92.3,81.4
LPG,8.4,8.6,8.1,2.8,2.8,2.5,2.0,2.2,1.1,1.2,1.2,0.9,0.6,0.3,0.6,0.6
Diesel oil (incl. biofuels),15.5,12.6,10.9,12.6,11.2,9.6,4.8,3.3,5.0,4.6,3.7,2.8,1.8,4.3,0.6,0.2
Residual fuel oil,0.0,0.0,0.0,0.0,0.0,0.0,0.0,0.0,0.0,0.0,0.0,0.0,0.0,0.0,0.0,0.0
Natural gas (incl. biogas),147.3,145.5,145.7,167.9,155.9,158.1,88.7,69.1,88.0,97.0,98.5,87.7,85.8,100.4,91.1,80.6
Metal processing - Electric,207.6,216.6,216.2,164.9,185.6,173.2,224.4,237.5,221.8,167.7,190.4,185.8,181.0,149.3,157.7,205.0
Metal finishing,210.5,213.0,211.6,193.6,197.6,190.9,177.8,173.4,175.5,150.3,163.3,154.0,149.6,141.3,138.9,159.1
Metal finishing - Thermal,77.2,77.8,77.2,72.4,72.9,70.8,62.6,60.0,61.8,54.1,58.3,54.7,53.1,51.3,49.8,55.8
LPG,2.0,2.0,1.9,0.7,0.7,0.6,0.5,0.5,0.3,0.3,0.3,0.2,0.1,0.1,0.1,0.1
Diesel oil (incl. biofuels),7.2,6.1,5.3,5.0,4.8,4.0,3.2,2.7,3.3,2.4,2.1,1.7,1.1,2.1,0.3,0.2
Natural gas (incl. biogas),68.1,69.7,70.1,66.7,67.4,66.2,58.9,56.8,58.2,51.4,55.9,52.8,51.9,49.1,49.4,55.5
Metal finishing - Steam,122.1,123.6,122.8,112.3,114.6,110.8,103.2,100.6,101.9,87.2,94.7,89.4,86.8,82.0,80.6,92.4
Solids,47.6,48.5,47.9,38.8,34.0,30.5,10.2,10.7,9.0,9.1,7.9,9.8,9.8,10.5,9.6,9.8
Refinery gas,0.0,0.0,0.0,0.0,0.0,0.0,0.0,0.0,0.0,0.0,0.0,0.0,0.0,0.0,0.0,0.0
LPG,0.0,0.0,0.0,0.0,0.0,0.0,0.0,0.0,0.0,0.0,0.0,0.0,0.0,0.0,0.0,0.0
Diesel oil (incl. biofuels),4.9,4.1,3.6,1.6,1.4,1.5,3.7,3.4,2.4,1.7,1.8,2.1,1.8,2.4,1.1,1.0
Residual fuel oil,13.8,15.0,16.4,2.0,10.5,9.2,8.7,7.8,10.0,8.4,7.4,1.6,5.1,4.7,7.1,8.7
Other liquids,0.0,0.0,0.0,39.0,39.5,38.1,3.7,3.9,29.8,23.5,12.8,12.5,3.7,2.8,2.1,8.6
Natural gas (incl. biogas),51.6,51.8,50.9,23.3,20.3,25.9,70.7,69.3,44.5,35.2,42.6,56.1,59.7,54.6,55.2,54.3
Derived gases,0.9,0.8,0.7,0.0,0.0,0.0,0.0,0.0,0.0,0.0,0.0,0.0,0.0,0.0,0.0,0.0
Biomass,0.0,0.0,0.0,2.3,1.4,1.3,1.4,1.8,2.4,2.6,2.4,2.3,2.1,1.9,1.9,1.9
Steam distributed,3.4,3.4,3.3,5.3,7.5,4.4,4.8,3.8,3.8,6.7,19.8,4.9,4.7,5.2,3.5,8.1
Metal finishing - Electric,11.1,11.6,11.6,8.9,10.0,9.3,12.0,12.8,11.9,9.0,10.2,10.0,9.7,8.0,8.5,11.0
,,,,,,,,,,,,,,,,
,,,,,,,,,,,,,,,,
Market shares of energy uses by subsector (%),,,,,,,,,,,,,,,,
,,,,,,,,,,,,,,,,
Alumina production,100.00%,100.00%,100.00%,100.00%,100.00%,100.00%,100.00%,100.00%,100.00%,100.00%,100.00%,100.00%,100.00%,100.00%,100.00%,100.00%
Lighting,0.15%,0.15%,0.15%,0.15%,0.15%,0.15%,0.15%,0.15%,0.15%,0.15%,0.15%,0.15%,0.15%,0.15%,0.15%,0.15%
Air compressors,0.08%,0.08%,0.08%,0.08%,0.08%,0.08%,0.08%,0.08%,0.08%,0.08%,0.08%,0.08%,0.08%,0.08%,0.08%,0.08%
Motor drives,1.92%,1.92%,1.92%,1.92%,1.92%,1.92%,1.92%,1.92%,1.92%,1.92%,1.92%,1.92%,1.92%,1.92%,1.92%,1.92%
Fans and pumps,0.05%,0.05%,0.05%,0.05%,0.05%,0.05%,0.05%,0.05%,0.05%,0.05%,0.05%,0.05%,0.05%,0.05%,0.05%,0.05%
Low enthalpy heat,0.10%,0.10%,0.10%,0.10%,0.10%,0.10%,0.10%,0.10%,0.10%,0.10%,0.10%,0.10%,0.10%,0.10%,0.10%,0.10%
Alumina production: High enthalpy heat,39.99%,39.99%,39.99%,39.99%,39.99%,39.99%,39.99%,39.99%,39.99%,39.99%,39.99%,39.99%,39.99%,39.99%,39.99%,39.99%
Alumina production: Refining,57.71%,57.71%,57.71%,57.71%,57.71%,57.71%,57.71%,57.71%,57.71%,57.71%,57.71%,57.71%,57.71%,57.71%,57.71%,57.71%
,,,,,,,,,,,,,,,,
Aluminium - primary production,100.00%,100.00%,100.00%,100.00%,100.00%,100.00%,100.00%,100.00%,100.00%,100.00%,100.00%,100.00%,100.00%,100.00%,100.00%,100.00%
Lighting,0.11%,0.11%,0.11%,0.11%,0.11%,0.11%,0.11%,0.11%,0.11%,0.11%,0.11%,0.11%,0.11%,0.11%,0.11%,0.11%
Air compressors,0.05%,0.05%,0.05%,0.05%,0.05%,0.05%,0.05%,0.05%,0.05%,0.05%,0.05%,0.05%,0.05%,0.05%,0.05%,0.05%
Motor drives,1.51%,1.51%,1.51%,1.51%,1.51%,1.51%,1.51%,1.51%,1.51%,1.51%,1.51%,1.51%,1.51%,1.51%,1.51%,1.51%
Fans and pumps,0.04%,0.04%,0.04%,0.04%,0.04%,0.04%,0.04%,0.04%,0.04%,0.04%,0.04%,0.04%,0.04%,0.04%,0.04%,0.04%
Low enthalpy heat,0.07%,0.07%,0.07%,0.07%,0.07%,0.07%,0.07%,0.07%,0.07%,0.07%,0.07%,0.07%,0.07%,0.07%,0.07%,0.07%
Aluminium electrolysis (smelting),82.01%,82.01%,82.01%,82.01%,82.01%,82.01%,82.01%,82.01%,82.01%,82.01%,82.01%,82.01%,82.01%,82.01%,82.01%,82.01%
"Aluminium processing  (metallurgy e.g. cast house, reheating)",10.00%,10.00%,10.00%,10.00%,10.00%,10.00%,10.00%,10.00%,10.00%,10.00%,10.00%,10.00%,10.00%,10.00%,10.00%,10.00%
Aluminium processing - Thermal,4.52%,4.35%,4.32%,5.27%,4.78%,4.96%,2.99%,2.39%,2.98%,3.80%,3.52%,3.30%,3.28%,4.13%,3.69%,2.84%
Aluminium processing - Electric,5.48%,5.65%,5.68%,4.73%,5.22%,5.04%,7.02%,7.61%,7.02%,6.20%,6.48%,6.70%,6.73%,5.87%,6.31%,7.16%
Aluminium finishing,6.20%,6.20%,6.20%,6.20%,6.20%,6.20%,6.20%,6.20%,6.20%,6.20%,6.20%,6.20%,6.20%,6.20%,6.20%,6.20%
Aluminium finishing - Thermal,1.93%,1.92%,1.92%,1.96%,1.94%,1.95%,1.85%,1.82%,1.85%,1.89%,1.88%,1.86%,1.86%,1.91%,1.88%,1.84%
Aluminium finishing - Steam,4.00%,4.00%,4.00%,4.00%,4.00%,4.00%,4.00%,4.00%,4.00%,4.00%,4.00%,4.00%,4.00%,4.00%,4.00%,4.00%
Aluminium finishing - Electric,0.28%,0.29%,0.29%,0.24%,0.26%,0.26%,0.36%,0.39%,0.36%,0.31%,0.33%,0.34%,0.34%,0.30%,0.32%,0.36%
,,,,,,,,,,,,,,,,
,,,,,,,,,,,,,,,,
Aluminium - secondary production,100.00%,100.00%,100.00%,100.00%,100.00%,100.00%,100.00%,100.00%,100.00%,100.00%,100.00%,100.00%,100.00%,100.00%,100.00%,100.00%
Lighting,0.19%,0.19%,0.19%,0.19%,0.19%,0.19%,0.19%,0.19%,0.19%,0.19%,0.19%,0.19%,0.19%,0.19%,0.19%,0.19%
Air compressors,0.10%,0.10%,0.10%,0.10%,0.10%,0.10%,0.10%,0.10%,0.10%,0.10%,0.10%,0.10%,0.10%,0.10%,0.10%,0.10%
Motor drives,2.27%,2.27%,2.27%,2.27%,2.27%,2.27%,2.27%,2.27%,2.27%,2.27%,2.27%,2.27%,2.27%,2.27%,2.27%,2.27%
Fans and pumps,0.06%,0.06%,0.06%,0.06%,0.06%,0.06%,0.06%,0.06%,0.06%,0.06%,0.06%,0.06%,0.06%,0.06%,0.06%,0.06%
Low enthalpy heat,0.12%,0.12%,0.12%,0.12%,0.12%,0.12%,0.12%,0.12%,0.12%,0.12%,0.12%,0.12%,0.12%,0.12%,0.12%,0.12%
"Secondary aluminium (incl. pre-treatment, remelting)",27.94%,27.94%,27.94%,27.94%,27.94%,27.94%,27.94%,27.94%,27.94%,27.94%,27.94%,27.94%,27.94%,27.94%,27.94%,27.94%
Secondary aluminium - Thermal,8.82%,8.82%,8.80%,8.54%,8.54%,8.53%,8.51%,8.52%,8.45%,8.47%,8.46%,8.44%,8.42%,8.40%,8.43%,8.42%
Secondary aluminium - Electric,19.13%,19.12%,19.15%,19.40%,19.40%,19.41%,19.44%,19.42%,19.49%,19.47%,19.48%,19.50%,19.52%,19.54%,19.51%,19.52%
"Aluminium processing  (metallurgy e.g. cast house, reheating)",46.27%,46.27%,46.27%,46.27%,46.27%,46.27%,46.27%,46.27%,46.27%,46.27%,46.27%,46.27%,46.27%,46.27%,46.27%,46.27%
Aluminium processing - Thermal,20.91%,20.13%,20.00%,24.36%,22.11%,22.93%,13.82%,11.06%,13.79%,17.58%,16.29%,15.25%,15.16%,19.10%,17.08%,13.15%
Aluminium processing - Electric,25.35%,26.14%,26.27%,21.91%,24.16%,23.34%,32.45%,35.21%,32.48%,28.69%,29.98%,31.02%,31.11%,27.16%,29.19%,33.12%
Aluminium finishing,23.06%,23.06%,23.06%,23.06%,23.06%,23.06%,23.06%,23.06%,23.06%,23.06%,23.06%,23.06%,23.06%,23.06%,23.06%,23.06%
Aluminium finishing - Thermal,8.46%,8.42%,8.41%,8.62%,8.51%,8.55%,8.11%,7.98%,8.11%,8.30%,8.24%,8.19%,8.18%,8.37%,8.27%,8.08%
Aluminium finishing - Steam,13.38%,13.38%,13.38%,13.38%,13.38%,13.38%,13.38%,13.38%,13.38%,13.38%,13.38%,13.38%,13.38%,13.38%,13.38%,13.38%
Aluminium finishing - Electric,1.22%,1.26%,1.26%,1.06%,1.16%,1.12%,1.56%,1.70%,1.56%,1.38%,1.44%,1.49%,1.50%,1.31%,1.40%,1.59%
,,,,,,,,,,,,,,,,
Other non-ferrous metals,100.00%,100.00%,100.00%,100.00%,100.00%,100.00%,100.00%,100.00%,100.00%,100.00%,100.00%,100.00%,100.00%,100.00%,100.00%,100.00%
Lighting,0.13%,0.13%,0.13%,0.13%,0.13%,0.13%,0.13%,0.13%,0.13%,0.13%,0.13%,0.13%,0.13%,0.13%,0.13%,0.13%
Air compressors,0.06%,0.06%,0.06%,0.06%,0.06%,0.06%,0.06%,0.06%,0.06%,0.06%,0.06%,0.06%,0.06%,0.06%,0.06%,0.06%
Motor drives,1.64%,1.64%,1.64%,1.64%,1.64%,1.64%,1.64%,1.64%,1.64%,1.64%,1.64%,1.64%,1.64%,1.64%,1.64%,1.64%
Fans and pumps,0.04%,0.04%,0.04%,0.04%,0.04%,0.04%,0.04%,0.04%,0.04%,0.04%,0.04%,0.04%,0.04%,0.04%,0.04%,0.04%
Low enthalpy heat,0.09%,0.09%,0.09%,0.09%,0.09%,0.09%,0.09%,0.09%,0.09%,0.09%,0.09%,0.09%,0.09%,0.09%,0.09%,0.09%
Other Metals: production,56.09%,56.09%,56.09%,56.09%,56.09%,56.09%,56.09%,56.09%,56.09%,56.09%,56.09%,56.09%,56.09%,56.09%,56.09%,56.09%
Metal production - Thermal,23.18%,23.19%,23.15%,22.71%,22.71%,22.69%,22.65%,22.68%,22.56%,22.58%,22.57%,22.54%,22.51%,22.47%,22.51%,22.50%
Metal production - Electric,32.91%,32.90%,32.94%,33.38%,33.39%,33.41%,33.44%,33.42%,33.53%,33.51%,33.52%,33.55%,33.58%,33.62%,33.58%,33.59%
"Metal processing  (metallurgy e.g. cast house, reheating)",26.96%,26.96%,26.96%,26.96%,26.96%,26.96%,26.96%,26.96%,26.96%,26.96%,26.96%,26.96%,26.96%,26.96%,26.96%,26.96%
Metal processing - Thermal,12.19%,11.73%,11.66%,14.20%,12.88%,13.36%,8.05%,6.44%,8.03%,10.24%,9.49%,8.89%,8.83%,11.13%,9.95%,7.66%
Metal processing - Electric,14.77%,15.23%,15.30%,12.76%,14.07%,13.60%,18.91%,20.52%,18.93%,16.72%,17.47%,18.07%,18.13%,15.83%,17.01%,19.30%
Metal finishing,14.98%,14.98%,14.98%,14.98%,14.98%,14.98%,14.98%,14.98%,14.98%,14.98%,14.98%,14.98%,14.98%,14.98%,14.98%,14.98%
Metal finishing - Thermal,5.50%,5.47%,5.47%,5.60%,5.53%,5.56%,5.27%,5.18%,5.27%,5.39%,5.35%,5.32%,5.32%,5.44%,5.37%,5.25%
Metal finishing - Steam,8.69%,8.69%,8.69%,8.69%,8.69%,8.69%,8.69%,8.69%,8.69%,8.69%,8.69%,8.69%,8.69%,8.69%,8.69%,8.69%
Metal finishing - Electric,0.79%,0.82%,0.82%,0.69%,0.76%,0.73%,1.02%,1.10%,1.02%,0.89%,0.94%,0.97%,0.97%,0.85%,0.91%,1.04%
,,,,,,,,,,,,,,,,
,,,,,,,,,,,,,,,,
Energy intensity (kgoe per t of output),,,,,,,,,,,,,,,,
,,,,,,,,,,,,,,,,
Alumina production,354.06,351.61,343.04,329.79,293.71,301.01,272.41,270.37,278.66,274.23,280.31,259.81,258.66,250.53,260.22,293.42
Lighting,0.54,0.53,0.52,0.50,0.45,0.46,0.41,0.41,0.42,0.42,0.43,0.39,0.39,0.38,0.39,0.44
Air compressors,0.27,0.27,0.26,0.25,0.22,0.23,0.21,0.20,0.21,0.21,0.21,0.20,0.20,0.19,0.20,0.22
Motor drives,6.80,6.75,6.59,6.33,5.64,5.78,5.23,5.19,5.35,5.27,5.38,4.99,4.97,4.81,5.00,5.64
Fans and pumps,0.18,0.18,0.17,0.17,0.15,0.15,0.14,0.14,0.14,0.14,0.14,0.13,0.13,0.13,0.13,0.15
Low enthalpy heat,0.36,0.36,0.35,0.33,0.30,0.30,0.28,0.27,0.28,0.28,0.28,0.26,0.26,0.25,0.26,0.30
Alumina production: High enthalpy heat,141.59,140.61,137.18,131.88,117.46,120.37,108.93,108.12,111.44,109.67,112.10,103.90,103.44,100.19,104.06,117.34
Alumina production: Refining,204.33,202.92,197.97,190.32,169.50,173.71,157.21,156.03,160.82,158.26,161.77,149.94,149.28,144.58,150.17,169.34
,,,,,,,,,,,,,,,,
Aluminium - primary production,"1,416.22","1,440.42","1,405.31","1,409.74","1,370.06","1,416.99","1,308.25","1,307.41","1,347.52","1,326.11","1,367.60","1,267.57","1,261.99","1,222.29","1,220.35","1,406.32"
Lighting,1.57,1.60,1.56,1.56,1.52,1.57,1.45,1.45,1.49,1.47,1.51,1.40,1.40,1.35,1.35,1.56
Air compressors,0.73,0.74,0.72,0.73,0.70,0.73,0.67,0.67,0.69,0.68,0.70,0.65,0.65,0.63,0.63,0.72
Motor drives,21.40,21.76,21.23,21.30,20.70,21.41,19.77,19.75,20.36,20.04,20.66,19.15,19.07,18.47,18.44,21.25
Fans and pumps,0.52,0.53,0.52,0.52,0.51,0.52,0.48,0.48,0.50,0.49,0.50,0.47,0.47,0.45,0.45,0.52
Low enthalpy heat,1.05,1.06,1.04,1.04,1.01,1.05,0.97,0.97,1.00,0.98,1.01,0.94,0.93,0.90,0.90,1.04
Aluminium electrolysis (smelting),"1,161.45","1,181.29","1,152.50","1,156.14","1,123.60","1,162.08","1,072.90","1,072.21","1,105.11","1,087.55","1,121.58","1,039.54","1,034.96","1,002.41","1,000.82","1,153.33"
"Aluminium processing  (metallurgy e.g. cast house, reheating)",141.64,144.06,140.55,140.99,137.02,141.72,130.84,130.76,134.77,132.63,136.78,126.77,126.22,122.25,122.05,140.65
Aluminium finishing,87.87,89.37,87.19,87.47,85.00,87.92,81.17,81.12,83.60,82.28,84.85,78.64,78.30,75.84,75.72,87.25
,,,,,,,,,,,,,,,,
Aluminium - secondary production,151.06,153.64,147.21,142.84,138.82,141.50,126.73,124.16,127.97,125.93,129.88,120.38,119.85,116.08,120.57,138.94
Lighting,0.28,0.28,0.27,0.26,0.26,0.26,0.23,0.23,0.24,0.23,0.24,0.22,0.22,0.22,0.22,0.26
Air compressors,0.15,0.15,0.14,0.14,0.13,0.14,0.12,0.12,0.12,0.12,0.12,0.12,0.12,0.11,0.12,0.13
Motor drives,3.42,3.48,3.34,3.24,3.15,3.21,2.87,2.81,2.90,2.85,2.94,2.73,2.72,2.63,2.73,3.15
Fans and pumps,0.09,0.09,0.09,0.09,0.09,0.09,0.08,0.08,0.08,0.08,0.08,0.07,0.07,0.07,0.07,0.09
Low enthalpy heat,0.19,0.19,0.18,0.18,0.17,0.17,0.16,0.15,0.16,0.16,0.16,0.15,0.15,0.14,0.15,0.17
"Secondary aluminium (incl. pre-treatment, remelting)",42.21,42.93,41.13,39.91,38.79,39.54,35.41,34.69,35.76,35.19,36.29,33.63,33.49,32.43,33.69,38.82
"Aluminium processing  (metallurgy e.g. cast house, reheating)",69.90,71.09,68.11,66.09,64.23,65.47,58.64,57.45,59.21,58.27,60.09,55.70,55.45,53.71,55.79,64.29
Aluminium finishing,34.83,35.42,33.94,32.93,32.01,32.62,29.22,28.63,29.50,29.04,29.94,27.75,27.63,26.76,27.80,32.03
,,,,,,,,,,,,,,,,
Other non-ferrous metals,424.87,432.12,421.59,422.92,411.02,406.12,374.95,374.71,370.02,364.14,375.54,348.07,346.54,335.64,331.74,382.30
Lighting,0.55,0.56,0.55,0.55,0.53,0.53,0.49,0.48,0.48,0.47,0.49,0.45,0.45,0.43,0.43,0.49
Air compressors,0.27,0.28,0.27,0.27,0.27,0.26,0.24,0.24,0.24,0.23,0.24,0.22,0.22,0.22,0.21,0.25
Motor drives,6.99,7.11,6.93,6.95,6.76,6.68,6.17,6.16,6.08,5.99,6.18,5.72,5.70,5.52,5.45,6.29
Fans and pumps,0.18,0.19,0.18,0.18,0.18,0.18,0.16,0.16,0.16,0.16,0.16,0.15,0.15,0.14,0.14,0.16
Low enthalpy heat,0.37,0.37,0.36,0.36,0.35,0.35,0.32,0.32,0.32,0.31,0.32,0.30,0.30,0.29,0.29,0.33
Other Metals: production,238.31,242.39,236.48,237.22,230.55,227.80,210.32,210.18,207.55,204.25,210.64,195.24,194.38,188.26,186.08,214.44
"Metal processing  (metallurgy e.g. cast house, reheating)",114.54,116.50,113.66,114.02,110.81,109.49,101.09,101.02,99.76,98.17,101.24,93.84,93.42,90.49,89.44,103.07
Metal finishing,63.65,64.74,63.16,63.36,61.58,60.84,56.17,56.14,55.43,54.55,56.26,52.15,51.92,50.28,49.70,57.27
